generated_label	generated_seed	generated_smiles	generated_docking_raw	generated_qed	generated_sa	reference_label	reference_name	reference_smiles	feature	generated_has	reference_has	state	feature_jaccard_for_pair
G1	8	Cc1cc(C(F)(F)F)ccc1CCc1ccccc1C(N)=O	-10.3	0.914	2.014	R1	ONC201	Cc1ccccc1CN1C(=O)C2=C(CCN(Cc3ccccc3)C2)N2CCN=C12	H-bond donor	1	0	generated_only	0.5000
G1	8	Cc1cc(C(F)(F)F)ccc1CCc1ccccc1C(N)=O	-10.3	0.914	2.014	R1	ONC201	Cc1ccccc1CN1C(=O)C2=C(CCN(Cc3ccccc3)C2)N2CCN=C12	H-bond acceptor	1	1	shared	0.5000
G1	8	Cc1cc(C(F)(F)F)ccc1CCc1ccccc1C(N)=O	-10.3	0.914	2.014	R1	ONC201	Cc1ccccc1CN1C(=O)C2=C(CCN(Cc3ccccc3)C2)N2CCN=C12	Aromatic ring	1	1	shared	0.5000
G1	8	Cc1cc(C(F)(F)F)ccc1CCc1ccccc1C(N)=O	-10.3	0.914	2.014	R1	ONC201	Cc1ccccc1CN1C(=O)C2=C(CCN(Cc3ccccc3)C2)N2CCN=C12	Hydrophobic aryl/alkyl	1	1	shared	0.5000
G1	8	Cc1cc(C(F)(F)F)ccc1CCc1ccccc1C(N)=O	-10.3	0.914	2.014	R1	ONC201	Cc1ccccc1CN1C(=O)C2=C(CCN(Cc3ccccc3)C2)N2CCN=C12	Basic/positive N	0	1	reference_only	0.5000
G1	8	Cc1cc(C(F)(F)F)ccc1CCc1ccccc1C(N)=O	-10.3	0.914	2.014	R1	ONC201	Cc1ccccc1CN1C(=O)C2=C(CCN(Cc3ccccc3)C2)N2CCN=C12	Acidic/negative	0	0	absent	0.5000
G1	8	Cc1cc(C(F)(F)F)ccc1CCc1ccccc1C(N)=O	-10.3	0.914	2.014	R1	ONC201	Cc1ccccc1CN1C(=O)C2=C(CCN(Cc3ccccc3)C2)N2CCN=C12	Halogen	1	0	generated_only	0.5000
G1	8	Cc1cc(C(F)(F)F)ccc1CCc1ccccc1C(N)=O	-10.3	0.914	2.014	R2	ONC212	O=C1C2=C(CCN(Cc3ccccc3)C2)N2CCN=C2N1Cc1ccc(C(F)(F)F)cc1	H-bond donor	1	0	generated_only	0.6667
G1	8	Cc1cc(C(F)(F)F)ccc1CCc1ccccc1C(N)=O	-10.3	0.914	2.014	R2	ONC212	O=C1C2=C(CCN(Cc3ccccc3)C2)N2CCN=C2N1Cc1ccc(C(F)(F)F)cc1	H-bond acceptor	1	1	shared	0.6667
G1	8	Cc1cc(C(F)(F)F)ccc1CCc1ccccc1C(N)=O	-10.3	0.914	2.014	R2	ONC212	O=C1C2=C(CCN(Cc3ccccc3)C2)N2CCN=C2N1Cc1ccc(C(F)(F)F)cc1	Aromatic ring	1	1	shared	0.6667
G1	8	Cc1cc(C(F)(F)F)ccc1CCc1ccccc1C(N)=O	-10.3	0.914	2.014	R2	ONC212	O=C1C2=C(CCN(Cc3ccccc3)C2)N2CCN=C2N1Cc1ccc(C(F)(F)F)cc1	Hydrophobic aryl/alkyl	1	1	shared	0.6667
G1	8	Cc1cc(C(F)(F)F)ccc1CCc1ccccc1C(N)=O	-10.3	0.914	2.014	R2	ONC212	O=C1C2=C(CCN(Cc3ccccc3)C2)N2CCN=C2N1Cc1ccc(C(F)(F)F)cc1	Basic/positive N	0	1	reference_only	0.6667
G1	8	Cc1cc(C(F)(F)F)ccc1CCc1ccccc1C(N)=O	-10.3	0.914	2.014	R2	ONC212	O=C1C2=C(CCN(Cc3ccccc3)C2)N2CCN=C2N1Cc1ccc(C(F)(F)F)cc1	Acidic/negative	0	0	absent	0.6667
G1	8	Cc1cc(C(F)(F)F)ccc1CCc1ccccc1C(N)=O	-10.3	0.914	2.014	R2	ONC212	O=C1C2=C(CCN(Cc3ccccc3)C2)N2CCN=C2N1Cc1ccc(C(F)(F)F)cc1	Halogen	1	1	shared	0.6667
G1	8	Cc1cc(C(F)(F)F)ccc1CCc1ccccc1C(N)=O	-10.3	0.914	2.014	R3	TR-107	N#Cc1cccc(CN2CCc3ncn(Cc4ccc(Cl)cc4)c(=O)c3C2)c1	H-bond donor	1	0	generated_only	0.6667
G1	8	Cc1cc(C(F)(F)F)ccc1CCc1ccccc1C(N)=O	-10.3	0.914	2.014	R3	TR-107	N#Cc1cccc(CN2CCc3ncn(Cc4ccc(Cl)cc4)c(=O)c3C2)c1	H-bond acceptor	1	1	shared	0.6667
G1	8	Cc1cc(C(F)(F)F)ccc1CCc1ccccc1C(N)=O	-10.3	0.914	2.014	R3	TR-107	N#Cc1cccc(CN2CCc3ncn(Cc4ccc(Cl)cc4)c(=O)c3C2)c1	Aromatic ring	1	1	shared	0.6667
G1	8	Cc1cc(C(F)(F)F)ccc1CCc1ccccc1C(N)=O	-10.3	0.914	2.014	R3	TR-107	N#Cc1cccc(CN2CCc3ncn(Cc4ccc(Cl)cc4)c(=O)c3C2)c1	Hydrophobic aryl/alkyl	1	1	shared	0.6667
G1	8	Cc1cc(C(F)(F)F)ccc1CCc1ccccc1C(N)=O	-10.3	0.914	2.014	R3	TR-107	N#Cc1cccc(CN2CCc3ncn(Cc4ccc(Cl)cc4)c(=O)c3C2)c1	Basic/positive N	0	1	reference_only	0.6667
G1	8	Cc1cc(C(F)(F)F)ccc1CCc1ccccc1C(N)=O	-10.3	0.914	2.014	R3	TR-107	N#Cc1cccc(CN2CCc3ncn(Cc4ccc(Cl)cc4)c(=O)c3C2)c1	Acidic/negative	0	0	absent	0.6667
G1	8	Cc1cc(C(F)(F)F)ccc1CCc1ccccc1C(N)=O	-10.3	0.914	2.014	R3	TR-107	N#Cc1cccc(CN2CCc3ncn(Cc4ccc(Cl)cc4)c(=O)c3C2)c1	Halogen	1	1	shared	0.6667
G2	7	N=C(Cl)c1ccccc1CCc1ccc(C(F)(F)F)cc1	-10.3	0.764	2.204	R1	ONC201	Cc1ccccc1CN1C(=O)C2=C(CCN(Cc3ccccc3)C2)N2CCN=C12	H-bond donor	1	0	generated_only	0.5000
G2	7	N=C(Cl)c1ccccc1CCc1ccc(C(F)(F)F)cc1	-10.3	0.764	2.204	R1	ONC201	Cc1ccccc1CN1C(=O)C2=C(CCN(Cc3ccccc3)C2)N2CCN=C12	H-bond acceptor	1	1	shared	0.5000
G2	7	N=C(Cl)c1ccccc1CCc1ccc(C(F)(F)F)cc1	-10.3	0.764	2.204	R1	ONC201	Cc1ccccc1CN1C(=O)C2=C(CCN(Cc3ccccc3)C2)N2CCN=C12	Aromatic ring	1	1	shared	0.5000
G2	7	N=C(Cl)c1ccccc1CCc1ccc(C(F)(F)F)cc1	-10.3	0.764	2.204	R1	ONC201	Cc1ccccc1CN1C(=O)C2=C(CCN(Cc3ccccc3)C2)N2CCN=C12	Hydrophobic aryl/alkyl	1	1	shared	0.5000
G2	7	N=C(Cl)c1ccccc1CCc1ccc(C(F)(F)F)cc1	-10.3	0.764	2.204	R1	ONC201	Cc1ccccc1CN1C(=O)C2=C(CCN(Cc3ccccc3)C2)N2CCN=C12	Basic/positive N	0	1	reference_only	0.5000
G2	7	N=C(Cl)c1ccccc1CCc1ccc(C(F)(F)F)cc1	-10.3	0.764	2.204	R1	ONC201	Cc1ccccc1CN1C(=O)C2=C(CCN(Cc3ccccc3)C2)N2CCN=C12	Acidic/negative	0	0	absent	0.5000
G2	7	N=C(Cl)c1ccccc1CCc1ccc(C(F)(F)F)cc1	-10.3	0.764	2.204	R1	ONC201	Cc1ccccc1CN1C(=O)C2=C(CCN(Cc3ccccc3)C2)N2CCN=C12	Halogen	1	0	generated_only	0.5000
G2	7	N=C(Cl)c1ccccc1CCc1ccc(C(F)(F)F)cc1	-10.3	0.764	2.204	R2	ONC212	O=C1C2=C(CCN(Cc3ccccc3)C2)N2CCN=C2N1Cc1ccc(C(F)(F)F)cc1	H-bond donor	1	0	generated_only	0.6667
G2	7	N=C(Cl)c1ccccc1CCc1ccc(C(F)(F)F)cc1	-10.3	0.764	2.204	R2	ONC212	O=C1C2=C(CCN(Cc3ccccc3)C2)N2CCN=C2N1Cc1ccc(C(F)(F)F)cc1	H-bond acceptor	1	1	shared	0.6667
G2	7	N=C(Cl)c1ccccc1CCc1ccc(C(F)(F)F)cc1	-10.3	0.764	2.204	R2	ONC212	O=C1C2=C(CCN(Cc3ccccc3)C2)N2CCN=C2N1Cc1ccc(C(F)(F)F)cc1	Aromatic ring	1	1	shared	0.6667
G2	7	N=C(Cl)c1ccccc1CCc1ccc(C(F)(F)F)cc1	-10.3	0.764	2.204	R2	ONC212	O=C1C2=C(CCN(Cc3ccccc3)C2)N2CCN=C2N1Cc1ccc(C(F)(F)F)cc1	Hydrophobic aryl/alkyl	1	1	shared	0.6667
G2	7	N=C(Cl)c1ccccc1CCc1ccc(C(F)(F)F)cc1	-10.3	0.764	2.204	R2	ONC212	O=C1C2=C(CCN(Cc3ccccc3)C2)N2CCN=C2N1Cc1ccc(C(F)(F)F)cc1	Basic/positive N	0	1	reference_only	0.6667
G2	7	N=C(Cl)c1ccccc1CCc1ccc(C(F)(F)F)cc1	-10.3	0.764	2.204	R2	ONC212	O=C1C2=C(CCN(Cc3ccccc3)C2)N2CCN=C2N1Cc1ccc(C(F)(F)F)cc1	Acidic/negative	0	0	absent	0.6667
G2	7	N=C(Cl)c1ccccc1CCc1ccc(C(F)(F)F)cc1	-10.3	0.764	2.204	R2	ONC212	O=C1C2=C(CCN(Cc3ccccc3)C2)N2CCN=C2N1Cc1ccc(C(F)(F)F)cc1	Halogen	1	1	shared	0.6667
G2	7	N=C(Cl)c1ccccc1CCc1ccc(C(F)(F)F)cc1	-10.3	0.764	2.204	R3	TR-107	N#Cc1cccc(CN2CCc3ncn(Cc4ccc(Cl)cc4)c(=O)c3C2)c1	H-bond donor	1	0	generated_only	0.6667
G2	7	N=C(Cl)c1ccccc1CCc1ccc(C(F)(F)F)cc1	-10.3	0.764	2.204	R3	TR-107	N#Cc1cccc(CN2CCc3ncn(Cc4ccc(Cl)cc4)c(=O)c3C2)c1	H-bond acceptor	1	1	shared	0.6667
G2	7	N=C(Cl)c1ccccc1CCc1ccc(C(F)(F)F)cc1	-10.3	0.764	2.204	R3	TR-107	N#Cc1cccc(CN2CCc3ncn(Cc4ccc(Cl)cc4)c(=O)c3C2)c1	Aromatic ring	1	1	shared	0.6667
G2	7	N=C(Cl)c1ccccc1CCc1ccc(C(F)(F)F)cc1	-10.3	0.764	2.204	R3	TR-107	N#Cc1cccc(CN2CCc3ncn(Cc4ccc(Cl)cc4)c(=O)c3C2)c1	Hydrophobic aryl/alkyl	1	1	shared	0.6667
G2	7	N=C(Cl)c1ccccc1CCc1ccc(C(F)(F)F)cc1	-10.3	0.764	2.204	R3	TR-107	N#Cc1cccc(CN2CCc3ncn(Cc4ccc(Cl)cc4)c(=O)c3C2)c1	Basic/positive N	0	1	reference_only	0.6667
G2	7	N=C(Cl)c1ccccc1CCc1ccc(C(F)(F)F)cc1	-10.3	0.764	2.204	R3	TR-107	N#Cc1cccc(CN2CCc3ncn(Cc4ccc(Cl)cc4)c(=O)c3C2)c1	Acidic/negative	0	0	absent	0.6667
G2	7	N=C(Cl)c1ccccc1CCc1ccc(C(F)(F)F)cc1	-10.3	0.764	2.204	R3	TR-107	N#Cc1cccc(CN2CCc3ncn(Cc4ccc(Cl)cc4)c(=O)c3C2)c1	Halogen	1	1	shared	0.6667
G3	2	NC(=O)c1ncccc1CCc1ccc(C(F)(F)F)cc1	-10.2	0.942	2.103	R1	ONC201	Cc1ccccc1CN1C(=O)C2=C(CCN(Cc3ccccc3)C2)N2CCN=C12	H-bond donor	1	0	generated_only	0.5000
G3	2	NC(=O)c1ncccc1CCc1ccc(C(F)(F)F)cc1	-10.2	0.942	2.103	R1	ONC201	Cc1ccccc1CN1C(=O)C2=C(CCN(Cc3ccccc3)C2)N2CCN=C12	H-bond acceptor	1	1	shared	0.5000
G3	2	NC(=O)c1ncccc1CCc1ccc(C(F)(F)F)cc1	-10.2	0.942	2.103	R1	ONC201	Cc1ccccc1CN1C(=O)C2=C(CCN(Cc3ccccc3)C2)N2CCN=C12	Aromatic ring	1	1	shared	0.5000
G3	2	NC(=O)c1ncccc1CCc1ccc(C(F)(F)F)cc1	-10.2	0.942	2.103	R1	ONC201	Cc1ccccc1CN1C(=O)C2=C(CCN(Cc3ccccc3)C2)N2CCN=C12	Hydrophobic aryl/alkyl	1	1	shared	0.5000
G3	2	NC(=O)c1ncccc1CCc1ccc(C(F)(F)F)cc1	-10.2	0.942	2.103	R1	ONC201	Cc1ccccc1CN1C(=O)C2=C(CCN(Cc3ccccc3)C2)N2CCN=C12	Basic/positive N	0	1	reference_only	0.5000
G3	2	NC(=O)c1ncccc1CCc1ccc(C(F)(F)F)cc1	-10.2	0.942	2.103	R1	ONC201	Cc1ccccc1CN1C(=O)C2=C(CCN(Cc3ccccc3)C2)N2CCN=C12	Acidic/negative	0	0	absent	0.5000
G3	2	NC(=O)c1ncccc1CCc1ccc(C(F)(F)F)cc1	-10.2	0.942	2.103	R1	ONC201	Cc1ccccc1CN1C(=O)C2=C(CCN(Cc3ccccc3)C2)N2CCN=C12	Halogen	1	0	generated_only	0.5000
G3	2	NC(=O)c1ncccc1CCc1ccc(C(F)(F)F)cc1	-10.2	0.942	2.103	R2	ONC212	O=C1C2=C(CCN(Cc3ccccc3)C2)N2CCN=C2N1Cc1ccc(C(F)(F)F)cc1	H-bond donor	1	0	generated_only	0.6667
G3	2	NC(=O)c1ncccc1CCc1ccc(C(F)(F)F)cc1	-10.2	0.942	2.103	R2	ONC212	O=C1C2=C(CCN(Cc3ccccc3)C2)N2CCN=C2N1Cc1ccc(C(F)(F)F)cc1	H-bond acceptor	1	1	shared	0.6667
G3	2	NC(=O)c1ncccc1CCc1ccc(C(F)(F)F)cc1	-10.2	0.942	2.103	R2	ONC212	O=C1C2=C(CCN(Cc3ccccc3)C2)N2CCN=C2N1Cc1ccc(C(F)(F)F)cc1	Aromatic ring	1	1	shared	0.6667
G3	2	NC(=O)c1ncccc1CCc1ccc(C(F)(F)F)cc1	-10.2	0.942	2.103	R2	ONC212	O=C1C2=C(CCN(Cc3ccccc3)C2)N2CCN=C2N1Cc1ccc(C(F)(F)F)cc1	Hydrophobic aryl/alkyl	1	1	shared	0.6667
G3	2	NC(=O)c1ncccc1CCc1ccc(C(F)(F)F)cc1	-10.2	0.942	2.103	R2	ONC212	O=C1C2=C(CCN(Cc3ccccc3)C2)N2CCN=C2N1Cc1ccc(C(F)(F)F)cc1	Basic/positive N	0	1	reference_only	0.6667
G3	2	NC(=O)c1ncccc1CCc1ccc(C(F)(F)F)cc1	-10.2	0.942	2.103	R2	ONC212	O=C1C2=C(CCN(Cc3ccccc3)C2)N2CCN=C2N1Cc1ccc(C(F)(F)F)cc1	Acidic/negative	0	0	absent	0.6667
G3	2	NC(=O)c1ncccc1CCc1ccc(C(F)(F)F)cc1	-10.2	0.942	2.103	R2	ONC212	O=C1C2=C(CCN(Cc3ccccc3)C2)N2CCN=C2N1Cc1ccc(C(F)(F)F)cc1	Halogen	1	1	shared	0.6667
G3	2	NC(=O)c1ncccc1CCc1ccc(C(F)(F)F)cc1	-10.2	0.942	2.103	R3	TR-107	N#Cc1cccc(CN2CCc3ncn(Cc4ccc(Cl)cc4)c(=O)c3C2)c1	H-bond donor	1	0	generated_only	0.6667
G3	2	NC(=O)c1ncccc1CCc1ccc(C(F)(F)F)cc1	-10.2	0.942	2.103	R3	TR-107	N#Cc1cccc(CN2CCc3ncn(Cc4ccc(Cl)cc4)c(=O)c3C2)c1	H-bond acceptor	1	1	shared	0.6667
G3	2	NC(=O)c1ncccc1CCc1ccc(C(F)(F)F)cc1	-10.2	0.942	2.103	R3	TR-107	N#Cc1cccc(CN2CCc3ncn(Cc4ccc(Cl)cc4)c(=O)c3C2)c1	Aromatic ring	1	1	shared	0.6667
G3	2	NC(=O)c1ncccc1CCc1ccc(C(F)(F)F)cc1	-10.2	0.942	2.103	R3	TR-107	N#Cc1cccc(CN2CCc3ncn(Cc4ccc(Cl)cc4)c(=O)c3C2)c1	Hydrophobic aryl/alkyl	1	1	shared	0.6667
G3	2	NC(=O)c1ncccc1CCc1ccc(C(F)(F)F)cc1	-10.2	0.942	2.103	R3	TR-107	N#Cc1cccc(CN2CCc3ncn(Cc4ccc(Cl)cc4)c(=O)c3C2)c1	Basic/positive N	0	1	reference_only	0.6667
G3	2	NC(=O)c1ncccc1CCc1ccc(C(F)(F)F)cc1	-10.2	0.942	2.103	R3	TR-107	N#Cc1cccc(CN2CCc3ncn(Cc4ccc(Cl)cc4)c(=O)c3C2)c1	Acidic/negative	0	0	absent	0.6667
G3	2	NC(=O)c1ncccc1CCc1ccc(C(F)(F)F)cc1	-10.2	0.942	2.103	R3	TR-107	N#Cc1cccc(CN2CCc3ncn(Cc4ccc(Cl)cc4)c(=O)c3C2)c1	Halogen	1	1	shared	0.6667
G4	8	CC(=N)c1ccccc1CCc1ccc(C(F)(F)F)cc1	-10.2	0.776	2.153	R1	ONC201	Cc1ccccc1CN1C(=O)C2=C(CCN(Cc3ccccc3)C2)N2CCN=C12	H-bond donor	1	0	generated_only	0.5000
G4	8	CC(=N)c1ccccc1CCc1ccc(C(F)(F)F)cc1	-10.2	0.776	2.153	R1	ONC201	Cc1ccccc1CN1C(=O)C2=C(CCN(Cc3ccccc3)C2)N2CCN=C12	H-bond acceptor	1	1	shared	0.5000
G4	8	CC(=N)c1ccccc1CCc1ccc(C(F)(F)F)cc1	-10.2	0.776	2.153	R1	ONC201	Cc1ccccc1CN1C(=O)C2=C(CCN(Cc3ccccc3)C2)N2CCN=C12	Aromatic ring	1	1	shared	0.5000
G4	8	CC(=N)c1ccccc1CCc1ccc(C(F)(F)F)cc1	-10.2	0.776	2.153	R1	ONC201	Cc1ccccc1CN1C(=O)C2=C(CCN(Cc3ccccc3)C2)N2CCN=C12	Hydrophobic aryl/alkyl	1	1	shared	0.5000
G4	8	CC(=N)c1ccccc1CCc1ccc(C(F)(F)F)cc1	-10.2	0.776	2.153	R1	ONC201	Cc1ccccc1CN1C(=O)C2=C(CCN(Cc3ccccc3)C2)N2CCN=C12	Basic/positive N	0	1	reference_only	0.5000
G4	8	CC(=N)c1ccccc1CCc1ccc(C(F)(F)F)cc1	-10.2	0.776	2.153	R1	ONC201	Cc1ccccc1CN1C(=O)C2=C(CCN(Cc3ccccc3)C2)N2CCN=C12	Acidic/negative	0	0	absent	0.5000
G4	8	CC(=N)c1ccccc1CCc1ccc(C(F)(F)F)cc1	-10.2	0.776	2.153	R1	ONC201	Cc1ccccc1CN1C(=O)C2=C(CCN(Cc3ccccc3)C2)N2CCN=C12	Halogen	1	0	generated_only	0.5000
G4	8	CC(=N)c1ccccc1CCc1ccc(C(F)(F)F)cc1	-10.2	0.776	2.153	R2	ONC212	O=C1C2=C(CCN(Cc3ccccc3)C2)N2CCN=C2N1Cc1ccc(C(F)(F)F)cc1	H-bond donor	1	0	generated_only	0.6667
G4	8	CC(=N)c1ccccc1CCc1ccc(C(F)(F)F)cc1	-10.2	0.776	2.153	R2	ONC212	O=C1C2=C(CCN(Cc3ccccc3)C2)N2CCN=C2N1Cc1ccc(C(F)(F)F)cc1	H-bond acceptor	1	1	shared	0.6667
G4	8	CC(=N)c1ccccc1CCc1ccc(C(F)(F)F)cc1	-10.2	0.776	2.153	R2	ONC212	O=C1C2=C(CCN(Cc3ccccc3)C2)N2CCN=C2N1Cc1ccc(C(F)(F)F)cc1	Aromatic ring	1	1	shared	0.6667
G4	8	CC(=N)c1ccccc1CCc1ccc(C(F)(F)F)cc1	-10.2	0.776	2.153	R2	ONC212	O=C1C2=C(CCN(Cc3ccccc3)C2)N2CCN=C2N1Cc1ccc(C(F)(F)F)cc1	Hydrophobic aryl/alkyl	1	1	shared	0.6667
G4	8	CC(=N)c1ccccc1CCc1ccc(C(F)(F)F)cc1	-10.2	0.776	2.153	R2	ONC212	O=C1C2=C(CCN(Cc3ccccc3)C2)N2CCN=C2N1Cc1ccc(C(F)(F)F)cc1	Basic/positive N	0	1	reference_only	0.6667
G4	8	CC(=N)c1ccccc1CCc1ccc(C(F)(F)F)cc1	-10.2	0.776	2.153	R2	ONC212	O=C1C2=C(CCN(Cc3ccccc3)C2)N2CCN=C2N1Cc1ccc(C(F)(F)F)cc1	Acidic/negative	0	0	absent	0.6667
G4	8	CC(=N)c1ccccc1CCc1ccc(C(F)(F)F)cc1	-10.2	0.776	2.153	R2	ONC212	O=C1C2=C(CCN(Cc3ccccc3)C2)N2CCN=C2N1Cc1ccc(C(F)(F)F)cc1	Halogen	1	1	shared	0.6667
G4	8	CC(=N)c1ccccc1CCc1ccc(C(F)(F)F)cc1	-10.2	0.776	2.153	R3	TR-107	N#Cc1cccc(CN2CCc3ncn(Cc4ccc(Cl)cc4)c(=O)c3C2)c1	H-bond donor	1	0	generated_only	0.6667
G4	8	CC(=N)c1ccccc1CCc1ccc(C(F)(F)F)cc1	-10.2	0.776	2.153	R3	TR-107	N#Cc1cccc(CN2CCc3ncn(Cc4ccc(Cl)cc4)c(=O)c3C2)c1	H-bond acceptor	1	1	shared	0.6667
G4	8	CC(=N)c1ccccc1CCc1ccc(C(F)(F)F)cc1	-10.2	0.776	2.153	R3	TR-107	N#Cc1cccc(CN2CCc3ncn(Cc4ccc(Cl)cc4)c(=O)c3C2)c1	Aromatic ring	1	1	shared	0.6667
G4	8	CC(=N)c1ccccc1CCc1ccc(C(F)(F)F)cc1	-10.2	0.776	2.153	R3	TR-107	N#Cc1cccc(CN2CCc3ncn(Cc4ccc(Cl)cc4)c(=O)c3C2)c1	Hydrophobic aryl/alkyl	1	1	shared	0.6667
G4	8	CC(=N)c1ccccc1CCc1ccc(C(F)(F)F)cc1	-10.2	0.776	2.153	R3	TR-107	N#Cc1cccc(CN2CCc3ncn(Cc4ccc(Cl)cc4)c(=O)c3C2)c1	Basic/positive N	0	1	reference_only	0.6667
G4	8	CC(=N)c1ccccc1CCc1ccc(C(F)(F)F)cc1	-10.2	0.776	2.153	R3	TR-107	N#Cc1cccc(CN2CCc3ncn(Cc4ccc(Cl)cc4)c(=O)c3C2)c1	Acidic/negative	0	0	absent	0.6667
G4	8	CC(=N)c1ccccc1CCc1ccc(C(F)(F)F)cc1	-10.2	0.776	2.153	R3	TR-107	N#Cc1cccc(CN2CCc3ncn(Cc4ccc(Cl)cc4)c(=O)c3C2)c1	Halogen	1	1	shared	0.6667
G5	2	O=C(O)c1ncccc1CCc1ccc(C(F)(F)F)cc1	-10.1	0.938	2.02	R1	ONC201	Cc1ccccc1CN1C(=O)C2=C(CCN(Cc3ccccc3)C2)N2CCN=C12	H-bond donor	1	0	generated_only	0.4286
G5	2	O=C(O)c1ncccc1CCc1ccc(C(F)(F)F)cc1	-10.1	0.938	2.02	R1	ONC201	Cc1ccccc1CN1C(=O)C2=C(CCN(Cc3ccccc3)C2)N2CCN=C12	H-bond acceptor	1	1	shared	0.4286
G5	2	O=C(O)c1ncccc1CCc1ccc(C(F)(F)F)cc1	-10.1	0.938	2.02	R1	ONC201	Cc1ccccc1CN1C(=O)C2=C(CCN(Cc3ccccc3)C2)N2CCN=C12	Aromatic ring	1	1	shared	0.4286
G5	2	O=C(O)c1ncccc1CCc1ccc(C(F)(F)F)cc1	-10.1	0.938	2.02	R1	ONC201	Cc1ccccc1CN1C(=O)C2=C(CCN(Cc3ccccc3)C2)N2CCN=C12	Hydrophobic aryl/alkyl	1	1	shared	0.4286
G5	2	O=C(O)c1ncccc1CCc1ccc(C(F)(F)F)cc1	-10.1	0.938	2.02	R1	ONC201	Cc1ccccc1CN1C(=O)C2=C(CCN(Cc3ccccc3)C2)N2CCN=C12	Basic/positive N	0	1	reference_only	0.4286
G5	2	O=C(O)c1ncccc1CCc1ccc(C(F)(F)F)cc1	-10.1	0.938	2.02	R1	ONC201	Cc1ccccc1CN1C(=O)C2=C(CCN(Cc3ccccc3)C2)N2CCN=C12	Acidic/negative	1	0	generated_only	0.4286
G5	2	O=C(O)c1ncccc1CCc1ccc(C(F)(F)F)cc1	-10.1	0.938	2.02	R1	ONC201	Cc1ccccc1CN1C(=O)C2=C(CCN(Cc3ccccc3)C2)N2CCN=C12	Halogen	1	0	generated_only	0.4286
G5	2	O=C(O)c1ncccc1CCc1ccc(C(F)(F)F)cc1	-10.1	0.938	2.02	R2	ONC212	O=C1C2=C(CCN(Cc3ccccc3)C2)N2CCN=C2N1Cc1ccc(C(F)(F)F)cc1	H-bond donor	1	0	generated_only	0.5714
G5	2	O=C(O)c1ncccc1CCc1ccc(C(F)(F)F)cc1	-10.1	0.938	2.02	R2	ONC212	O=C1C2=C(CCN(Cc3ccccc3)C2)N2CCN=C2N1Cc1ccc(C(F)(F)F)cc1	H-bond acceptor	1	1	shared	0.5714
G5	2	O=C(O)c1ncccc1CCc1ccc(C(F)(F)F)cc1	-10.1	0.938	2.02	R2	ONC212	O=C1C2=C(CCN(Cc3ccccc3)C2)N2CCN=C2N1Cc1ccc(C(F)(F)F)cc1	Aromatic ring	1	1	shared	0.5714
G5	2	O=C(O)c1ncccc1CCc1ccc(C(F)(F)F)cc1	-10.1	0.938	2.02	R2	ONC212	O=C1C2=C(CCN(Cc3ccccc3)C2)N2CCN=C2N1Cc1ccc(C(F)(F)F)cc1	Hydrophobic aryl/alkyl	1	1	shared	0.5714
G5	2	O=C(O)c1ncccc1CCc1ccc(C(F)(F)F)cc1	-10.1	0.938	2.02	R2	ONC212	O=C1C2=C(CCN(Cc3ccccc3)C2)N2CCN=C2N1Cc1ccc(C(F)(F)F)cc1	Basic/positive N	0	1	reference_only	0.5714
G5	2	O=C(O)c1ncccc1CCc1ccc(C(F)(F)F)cc1	-10.1	0.938	2.02	R2	ONC212	O=C1C2=C(CCN(Cc3ccccc3)C2)N2CCN=C2N1Cc1ccc(C(F)(F)F)cc1	Acidic/negative	1	0	generated_only	0.5714
G5	2	O=C(O)c1ncccc1CCc1ccc(C(F)(F)F)cc1	-10.1	0.938	2.02	R2	ONC212	O=C1C2=C(CCN(Cc3ccccc3)C2)N2CCN=C2N1Cc1ccc(C(F)(F)F)cc1	Halogen	1	1	shared	0.5714
G5	2	O=C(O)c1ncccc1CCc1ccc(C(F)(F)F)cc1	-10.1	0.938	2.02	R3	TR-107	N#Cc1cccc(CN2CCc3ncn(Cc4ccc(Cl)cc4)c(=O)c3C2)c1	H-bond donor	1	0	generated_only	0.5714
G5	2	O=C(O)c1ncccc1CCc1ccc(C(F)(F)F)cc1	-10.1	0.938	2.02	R3	TR-107	N#Cc1cccc(CN2CCc3ncn(Cc4ccc(Cl)cc4)c(=O)c3C2)c1	H-bond acceptor	1	1	shared	0.5714
G5	2	O=C(O)c1ncccc1CCc1ccc(C(F)(F)F)cc1	-10.1	0.938	2.02	R3	TR-107	N#Cc1cccc(CN2CCc3ncn(Cc4ccc(Cl)cc4)c(=O)c3C2)c1	Aromatic ring	1	1	shared	0.5714
G5	2	O=C(O)c1ncccc1CCc1ccc(C(F)(F)F)cc1	-10.1	0.938	2.02	R3	TR-107	N#Cc1cccc(CN2CCc3ncn(Cc4ccc(Cl)cc4)c(=O)c3C2)c1	Hydrophobic aryl/alkyl	1	1	shared	0.5714
G5	2	O=C(O)c1ncccc1CCc1ccc(C(F)(F)F)cc1	-10.1	0.938	2.02	R3	TR-107	N#Cc1cccc(CN2CCc3ncn(Cc4ccc(Cl)cc4)c(=O)c3C2)c1	Basic/positive N	0	1	reference_only	0.5714
G5	2	O=C(O)c1ncccc1CCc1ccc(C(F)(F)F)cc1	-10.1	0.938	2.02	R3	TR-107	N#Cc1cccc(CN2CCc3ncn(Cc4ccc(Cl)cc4)c(=O)c3C2)c1	Acidic/negative	1	0	generated_only	0.5714
G5	2	O=C(O)c1ncccc1CCc1ccc(C(F)(F)F)cc1	-10.1	0.938	2.02	R3	TR-107	N#Cc1cccc(CN2CCc3ncn(Cc4ccc(Cl)cc4)c(=O)c3C2)c1	Halogen	1	1	shared	0.5714
G6	8	NC(=O)c1ccccc1CCc1ccc(C(F)(F)F)cc1	-10.1	0.919	1.828	R1	ONC201	Cc1ccccc1CN1C(=O)C2=C(CCN(Cc3ccccc3)C2)N2CCN=C12	H-bond donor	1	0	generated_only	0.5000
G6	8	NC(=O)c1ccccc1CCc1ccc(C(F)(F)F)cc1	-10.1	0.919	1.828	R1	ONC201	Cc1ccccc1CN1C(=O)C2=C(CCN(Cc3ccccc3)C2)N2CCN=C12	H-bond acceptor	1	1	shared	0.5000
G6	8	NC(=O)c1ccccc1CCc1ccc(C(F)(F)F)cc1	-10.1	0.919	1.828	R1	ONC201	Cc1ccccc1CN1C(=O)C2=C(CCN(Cc3ccccc3)C2)N2CCN=C12	Aromatic ring	1	1	shared	0.5000
G6	8	NC(=O)c1ccccc1CCc1ccc(C(F)(F)F)cc1	-10.1	0.919	1.828	R1	ONC201	Cc1ccccc1CN1C(=O)C2=C(CCN(Cc3ccccc3)C2)N2CCN=C12	Hydrophobic aryl/alkyl	1	1	shared	0.5000
G6	8	NC(=O)c1ccccc1CCc1ccc(C(F)(F)F)cc1	-10.1	0.919	1.828	R1	ONC201	Cc1ccccc1CN1C(=O)C2=C(CCN(Cc3ccccc3)C2)N2CCN=C12	Basic/positive N	0	1	reference_only	0.5000
G6	8	NC(=O)c1ccccc1CCc1ccc(C(F)(F)F)cc1	-10.1	0.919	1.828	R1	ONC201	Cc1ccccc1CN1C(=O)C2=C(CCN(Cc3ccccc3)C2)N2CCN=C12	Acidic/negative	0	0	absent	0.5000
G6	8	NC(=O)c1ccccc1CCc1ccc(C(F)(F)F)cc1	-10.1	0.919	1.828	R1	ONC201	Cc1ccccc1CN1C(=O)C2=C(CCN(Cc3ccccc3)C2)N2CCN=C12	Halogen	1	0	generated_only	0.5000
G6	8	NC(=O)c1ccccc1CCc1ccc(C(F)(F)F)cc1	-10.1	0.919	1.828	R2	ONC212	O=C1C2=C(CCN(Cc3ccccc3)C2)N2CCN=C2N1Cc1ccc(C(F)(F)F)cc1	H-bond donor	1	0	generated_only	0.6667
G6	8	NC(=O)c1ccccc1CCc1ccc(C(F)(F)F)cc1	-10.1	0.919	1.828	R2	ONC212	O=C1C2=C(CCN(Cc3ccccc3)C2)N2CCN=C2N1Cc1ccc(C(F)(F)F)cc1	H-bond acceptor	1	1	shared	0.6667
G6	8	NC(=O)c1ccccc1CCc1ccc(C(F)(F)F)cc1	-10.1	0.919	1.828	R2	ONC212	O=C1C2=C(CCN(Cc3ccccc3)C2)N2CCN=C2N1Cc1ccc(C(F)(F)F)cc1	Aromatic ring	1	1	shared	0.6667
G6	8	NC(=O)c1ccccc1CCc1ccc(C(F)(F)F)cc1	-10.1	0.919	1.828	R2	ONC212	O=C1C2=C(CCN(Cc3ccccc3)C2)N2CCN=C2N1Cc1ccc(C(F)(F)F)cc1	Hydrophobic aryl/alkyl	1	1	shared	0.6667
G6	8	NC(=O)c1ccccc1CCc1ccc(C(F)(F)F)cc1	-10.1	0.919	1.828	R2	ONC212	O=C1C2=C(CCN(Cc3ccccc3)C2)N2CCN=C2N1Cc1ccc(C(F)(F)F)cc1	Basic/positive N	0	1	reference_only	0.6667
G6	8	NC(=O)c1ccccc1CCc1ccc(C(F)(F)F)cc1	-10.1	0.919	1.828	R2	ONC212	O=C1C2=C(CCN(Cc3ccccc3)C2)N2CCN=C2N1Cc1ccc(C(F)(F)F)cc1	Acidic/negative	0	0	absent	0.6667
G6	8	NC(=O)c1ccccc1CCc1ccc(C(F)(F)F)cc1	-10.1	0.919	1.828	R2	ONC212	O=C1C2=C(CCN(Cc3ccccc3)C2)N2CCN=C2N1Cc1ccc(C(F)(F)F)cc1	Halogen	1	1	shared	0.6667
G6	8	NC(=O)c1ccccc1CCc1ccc(C(F)(F)F)cc1	-10.1	0.919	1.828	R3	TR-107	N#Cc1cccc(CN2CCc3ncn(Cc4ccc(Cl)cc4)c(=O)c3C2)c1	H-bond donor	1	0	generated_only	0.6667
G6	8	NC(=O)c1ccccc1CCc1ccc(C(F)(F)F)cc1	-10.1	0.919	1.828	R3	TR-107	N#Cc1cccc(CN2CCc3ncn(Cc4ccc(Cl)cc4)c(=O)c3C2)c1	H-bond acceptor	1	1	shared	0.6667
G6	8	NC(=O)c1ccccc1CCc1ccc(C(F)(F)F)cc1	-10.1	0.919	1.828	R3	TR-107	N#Cc1cccc(CN2CCc3ncn(Cc4ccc(Cl)cc4)c(=O)c3C2)c1	Aromatic ring	1	1	shared	0.6667
G6	8	NC(=O)c1ccccc1CCc1ccc(C(F)(F)F)cc1	-10.1	0.919	1.828	R3	TR-107	N#Cc1cccc(CN2CCc3ncn(Cc4ccc(Cl)cc4)c(=O)c3C2)c1	Hydrophobic aryl/alkyl	1	1	shared	0.6667
G6	8	NC(=O)c1ccccc1CCc1ccc(C(F)(F)F)cc1	-10.1	0.919	1.828	R3	TR-107	N#Cc1cccc(CN2CCc3ncn(Cc4ccc(Cl)cc4)c(=O)c3C2)c1	Basic/positive N	0	1	reference_only	0.6667
G6	8	NC(=O)c1ccccc1CCc1ccc(C(F)(F)F)cc1	-10.1	0.919	1.828	R3	TR-107	N#Cc1cccc(CN2CCc3ncn(Cc4ccc(Cl)cc4)c(=O)c3C2)c1	Acidic/negative	0	0	absent	0.6667
G6	8	NC(=O)c1ccccc1CCc1ccc(C(F)(F)F)cc1	-10.1	0.919	1.828	R3	TR-107	N#Cc1cccc(CN2CCc3ncn(Cc4ccc(Cl)cc4)c(=O)c3C2)c1	Halogen	1	1	shared	0.6667
