seed	budget	strategy	population_stage	rank_by_scalar	smiles	scaffold	scalar_objective	docking_raw	qed	sa	molwt	decode_reason	macro_count	source_file	is_f1	crowding_distance
0	1000	theta_nsga2_multiobjective_final_population	final	1	NC(=O)c1ccccc1OCc1ccc(C(F)(F)F)cc1	c1ccc(COc2ccccc2)cc1	0.7443340420722961	-9.5	0.939700763557564	1.7293120554454315	295.25999999999993	SEED_ENCODED	0	PORTABLE_USER_ROOT/spectralMol/merged_fresh_repro_20260818_083101/saturn_table8_v119/20260819_104640/table8_v118_strict_mode_cap_v119/saturn_theta_nsga2_budget1000_seed0/runs/budget_1000/seed_0/theta_nsga2_multiobjective/snapshots/final_population.csv	1	0.03534338696254793
0	1000	theta_nsga2_multiobjective_final_population	final	3	O=C(Cc1ccccc1)Nc1ccccc1C(=O)N1CCOCC1	O=C(Cc1ccccc1)Nc1ccccc1C(=O)N1CCOCC1	0.735861599445343	-9.1	0.9389754673624761	1.7061862105834251	324.38000000000017	SEED_ENCODED	0	PORTABLE_USER_ROOT/spectralMol/merged_fresh_repro_20260818_083101/saturn_table8_v119/20260819_104640/table8_v118_strict_mode_cap_v119/saturn_theta_nsga2_budget1000_seed0/runs/budget_1000/seed_0/theta_nsga2_multiobjective/snapshots/final_population.csv	1	0.06007098445038207
0	1000	theta_nsga2_multiobjective_final_population	final	4	Cc1cccc(CCNC(=O)c2cccc(S(C)(=O)=O)c2)c1	O=C(NCCc1ccccc1)c1ccccc1	0.7328486442565918	-9.2	0.9206385208322588	1.719427014185495	317.4100000000001	SEED_ENCODED	0	PORTABLE_USER_ROOT/spectralMol/merged_fresh_repro_20260818_083101/saturn_table8_v119/20260819_104640/table8_v118_strict_mode_cap_v119/saturn_theta_nsga2_budget1000_seed0/runs/budget_1000/seed_0/theta_nsga2_multiobjective/snapshots/final_population.csv	1	0.0634540922000793
0	1000	theta_nsga2_multiobjective_final_population	final	5	NC(=O)c1ncccc1OCc1ccc(C(F)(F)F)cc1	c1ccc(COc2cccnc2)cc1	0.7312949895858765	-9.4	0.9431266983483158	2.014098792845962	296.24799999999993	THETA_GENERATED_HIT_SITE_SCAN:OK:CHEAP_PRESELECT	3	PORTABLE_USER_ROOT/spectralMol/merged_fresh_repro_20260818_083101/saturn_table8_v119/20260819_104640/table8_v118_strict_mode_cap_v119/saturn_theta_nsga2_budget1000_seed0/runs/budget_1000/seed_0/theta_nsga2_multiobjective/snapshots/final_population.csv	1	0.06161839465173559
0	1000	theta_nsga2_multiobjective_final_population	final	9	CS(=O)(=O)c1ccccc1C(=O)NCCc1ccccc1	O=C(NCCc1ccccc1)c1ccccc1	0.72563236951828	-8.8	0.9193782118434051	1.6524968146955334	303.383	SEED_ENCODED	0	PORTABLE_USER_ROOT/spectralMol/merged_fresh_repro_20260818_083101/saturn_table8_v119/20260819_104640/table8_v118_strict_mode_cap_v119/saturn_theta_nsga2_budget1000_seed0/runs/budget_1000/seed_0/theta_nsga2_multiobjective/snapshots/final_population.csv	1	0.04187854128270727
0	1000	theta_nsga2_multiobjective_final_population	final	12	Cc1ccc(CNS(=O)(=O)c2ccc(C)cc2C)cc1	O=S(=O)(NCc1ccccc1)c1ccccc1	0.7215967178344727	-8.5	0.939836048016747	1.709161389797032	289.40000000000003	SEED_ENCODED	0	PORTABLE_USER_ROOT/spectralMol/merged_fresh_repro_20260818_083101/saturn_table8_v119/20260819_104640/table8_v118_strict_mode_cap_v119/saturn_theta_nsga2_budget1000_seed0/runs/budget_1000/seed_0/theta_nsga2_multiobjective/snapshots/final_population.csv	1	0.04059102539928948
0	1000	theta_nsga2_multiobjective_final_population	final	15	COc1ccccc1C(=O)NCCc1ccccc1F	O=C(NCCc1ccccc1)c1ccccc1	0.7212018966674805	-8.6	0.9093736148936845	1.5673052690756464	273.30699999999996	SEED_ENCODED	0	PORTABLE_USER_ROOT/spectralMol/merged_fresh_repro_20260818_083101/saturn_table8_v119/20260819_104640/table8_v118_strict_mode_cap_v119/saturn_theta_nsga2_budget1000_seed0/runs/budget_1000/seed_0/theta_nsga2_multiobjective/snapshots/final_population.csv	1	0.09628163275477056
0	1000	theta_nsga2_multiobjective_final_population	final	16	O=C(Nc1ccccc1C(=O)N1CCOCC1)c1ccccc1F	O=C(Nc1ccccc1C(=O)N1CCOCC1)c1ccccc1	0.7202610969543457	-8.5	0.9418973603774174	1.7587632387726266	328.3429999999999	SEED_ENCODED	0	PORTABLE_USER_ROOT/spectralMol/merged_fresh_repro_20260818_083101/saturn_table8_v119/20260819_104640/table8_v118_strict_mode_cap_v119/saturn_theta_nsga2_budget1000_seed0/runs/budget_1000/seed_0/theta_nsga2_multiobjective/snapshots/final_population.csv	1	0.024896604964608222
0	1000	theta_nsga2_multiobjective_final_population	final	21	CC(=O)N1CCc2cc(NC(=O)Cc3ccccc3C)ccc21	O=C(Cc1ccccc1)Nc1ccc2c(c1)CCN2	0.7198089361190796	-8.7	0.9470263635189201	1.925895512618803	308.38100000000003	SEED_ENCODED	0	PORTABLE_USER_ROOT/spectralMol/merged_fresh_repro_20260818_083101/saturn_table8_v119/20260819_104640/table8_v118_strict_mode_cap_v119/saturn_theta_nsga2_budget1000_seed0/runs/budget_1000/seed_0/theta_nsga2_multiobjective/snapshots/final_population.csv	1	0.0419399739906794
0	1000	theta_nsga2_multiobjective_final_population	final	24	COc1cccc(CNC(=O)c2cc(C)cc(C)c2)c1	O=C(NCc1ccccc1)c1ccccc1	0.7187585234642029	-8.4	0.924984080473435	1.61384738879803	269.344	SEED_ENCODED	0	PORTABLE_USER_ROOT/spectralMol/merged_fresh_repro_20260818_083101/saturn_table8_v119/20260819_104640/table8_v118_strict_mode_cap_v119/saturn_theta_nsga2_budget1000_seed0/runs/budget_1000/seed_0/theta_nsga2_multiobjective/snapshots/final_population.csv	1	0.05505366364375425
0	1000	theta_nsga2_multiobjective_final_population	final	25	CC(=O)N1CCN(C(=O)c2ccccc2Nc2ccccc2)CC1	O=C(c1ccccc1Nc1ccccc1)N1CCNCC1	0.716334342956543	-8.3	0.9447835369463525	1.7511859812475414	323.39600000000013	SEED_ENCODED	0	PORTABLE_USER_ROOT/spectralMol/merged_fresh_repro_20260818_083101/saturn_table8_v119/20260819_104640/table8_v118_strict_mode_cap_v119/saturn_theta_nsga2_budget1000_seed0/runs/budget_1000/seed_0/theta_nsga2_multiobjective/snapshots/final_population.csv	1	0.04246038979648574
0	1000	theta_nsga2_multiobjective_final_population	final	26	COc1ccc(C)cc1C(=O)NCc1ccc(C)c(F)c1	O=C(NCc1ccccc1)c1ccccc1	0.7162560224533081	-8.3	0.9358504473876227	1.6921231960289873	287.334	SEED_ENCODED	0	PORTABLE_USER_ROOT/spectralMol/merged_fresh_repro_20260818_083101/saturn_table8_v119/20260819_104640/table8_v118_strict_mode_cap_v119/saturn_theta_nsga2_budget1000_seed0/runs/budget_1000/seed_0/theta_nsga2_multiobjective/snapshots/final_population.csv	1	0.048263994055595054
0	1000	theta_nsga2_multiobjective_final_population	final	29	COc1cc(C)ccc1NC(=O)Cc1ccc(C)cc1	O=C(Cc1ccccc1)Nc1ccccc1	0.7158524394035339	-8.2	0.9222749214685005	1.5330624986881407	269.34399999999994	SEED_ENCODED	0	PORTABLE_USER_ROOT/spectralMol/merged_fresh_repro_20260818_083101/saturn_table8_v119/20260819_104640/table8_v118_strict_mode_cap_v119/saturn_theta_nsga2_budget1000_seed0/runs/budget_1000/seed_0/theta_nsga2_multiobjective/snapshots/final_population.csv	1	0.06358144415657735
0	1000	theta_nsga2_multiobjective_final_population	final	30	O=C(Cc1ccc(Cl)cc1F)NCc1ccccc1	O=C(Cc1ccccc1)NCc1ccccc1	0.715668797492981	-8.4	0.9123861188803425	1.6084822768578508	277.726	SEED_ENCODED	0	PORTABLE_USER_ROOT/spectralMol/merged_fresh_repro_20260818_083101/saturn_table8_v119/20260819_104640/table8_v118_strict_mode_cap_v119/saturn_theta_nsga2_budget1000_seed0/runs/budget_1000/seed_0/theta_nsga2_multiobjective/snapshots/final_population.csv	1	0.09448900062926638
0	1000	theta_nsga2_multiobjective_final_population	final	31	COc1ccccc1CNC(=O)Cc1cccc(Cl)c1	O=C(Cc1ccccc1)NCc1ccccc1	0.7150465846061707	-8.3	0.9177643581749801	1.5955149856748392	289.76199999999994	SEED_ENCODED	0	PORTABLE_USER_ROOT/spectralMol/merged_fresh_repro_20260818_083101/saturn_table8_v119/20260819_104640/table8_v118_strict_mode_cap_v119/saturn_theta_nsga2_budget1000_seed0/runs/budget_1000/seed_0/theta_nsga2_multiobjective/snapshots/final_population.csv	1	0.02557945939227274
0	1000	theta_nsga2_multiobjective_final_population	final	44	O=C(CN1CCCc2ccccc21)Nc1ccccc1	O=C(CN1CCCc2ccccc21)Nc1ccccc1	0.7100616693496704	-8.1	0.9256100240714615	1.652110841023772	266.34400000000005	SEED_ENCODED	0	PORTABLE_USER_ROOT/spectralMol/merged_fresh_repro_20260818_083101/saturn_table8_v119/20260819_104640/table8_v118_strict_mode_cap_v119/saturn_theta_nsga2_budget1000_seed0/runs/budget_1000/seed_0/theta_nsga2_multiobjective/snapshots/final_population.csv	1	0.03559108804288591
0	1000	theta_nsga2_multiobjective_final_population	final	47	COc1ccc(NC(=O)Cc2ccccc2)cc1Cl	O=C(Cc1ccccc1)Nc1ccccc1	0.7097040414810181	-7.8	0.9269281933053852	1.4444976614732354	275.735	SEED_ENCODED	0	PORTABLE_USER_ROOT/spectralMol/merged_fresh_repro_20260818_083101/saturn_table8_v119/20260819_104640/table8_v118_strict_mode_cap_v119/saturn_theta_nsga2_budget1000_seed0/runs/budget_1000/seed_0/theta_nsga2_multiobjective/snapshots/final_population.csv	1	0.0642702903850426
0	1000	theta_nsga2_multiobjective_final_population	final	49	Cc1ccc(C(=O)Nc2cccc(NC(=O)C3CC3)c2)cc1	O=C(Nc1cccc(NC(=O)C2CC2)c1)c1ccccc1	0.7090438008308411	-8.1	0.9049016336372147	1.5262327864671548	294.354	SEED_ENCODED	0	PORTABLE_USER_ROOT/spectralMol/merged_fresh_repro_20260818_083101/saturn_table8_v119/20260819_104640/table8_v118_strict_mode_cap_v119/saturn_theta_nsga2_budget1000_seed0/runs/budget_1000/seed_0/theta_nsga2_multiobjective/snapshots/final_population.csv	1	0.060692721385066636
0	1000	theta_nsga2_multiobjective_final_population	final	50	COc1cccc(C(=O)Nc2ccccc2Br)c1	O=C(Nc1ccccc1)c1ccccc1	0.7088816165924072	-7.7	0.938518560610104	1.4797846567611455	306.159	SEED_ENCODED	0	PORTABLE_USER_ROOT/spectralMol/merged_fresh_repro_20260818_083101/saturn_table8_v119/20260819_104640/table8_v118_strict_mode_cap_v119/saturn_theta_nsga2_budget1000_seed0/runs/budget_1000/seed_0/theta_nsga2_multiobjective/snapshots/final_population.csv	1	0.04170890078258338
0	1000	theta_nsga2_multiobjective_final_population	final	51	Cc1cccc(NC(=O)COc2ccc(Br)cc2)c1	O=C(COc1ccccc1)Nc1ccccc1	0.7086355686187744	-7.8	0.9310257292999561	1.509384840960415	320.18600000000004	SEED_ENCODED	0	PORTABLE_USER_ROOT/spectralMol/merged_fresh_repro_20260818_083101/saturn_table8_v119/20260819_104640/table8_v118_strict_mode_cap_v119/saturn_theta_nsga2_budget1000_seed0/runs/budget_1000/seed_0/theta_nsga2_multiobjective/snapshots/final_population.csv	1	0.05194826561943852
0	1000	theta_nsga2_multiobjective_final_population	final	54	Cc1cccc(NC(=O)CN(C)C(=O)c2ccccc2)c1	O=C(CNC(=O)c1ccccc1)Nc1ccccc1	0.7073779106140137	-7.8	0.9370076138751453	1.5915596569380348	282.343	SEED_ENCODED	0	PORTABLE_USER_ROOT/spectralMol/merged_fresh_repro_20260818_083101/saturn_table8_v119/20260819_104640/table8_v118_strict_mode_cap_v119/saturn_theta_nsga2_budget1000_seed0/runs/budget_1000/seed_0/theta_nsga2_multiobjective/snapshots/final_population.csv	1	0.032343197015233034
0	1000	theta_nsga2_multiobjective_final_population	final	56	O=C(NCC(=O)N1CCN(c2ccccc2)CC1)c1ccccc1	O=C(NCC(=O)N1CCN(c2ccccc2)CC1)c1ccccc1	0.7070409655570984	-7.9	0.9328010525654551	1.645049507286723	323.396	SEED_ENCODED	0	PORTABLE_USER_ROOT/spectralMol/merged_fresh_repro_20260818_083101/saturn_table8_v119/20260819_104640/table8_v118_strict_mode_cap_v119/saturn_theta_nsga2_budget1000_seed0/runs/budget_1000/seed_0/theta_nsga2_multiobjective/snapshots/final_population.csv	1	0.10134823527552078
0	1000	theta_nsga2_multiobjective_final_population	final	61	O=S(=O)(NCc1ccc(Cl)cc1)c1ccc(Cl)cc1	O=S(=O)(NCc1ccccc1)c1ccccc1	0.7061859369277954	-7.7	0.9385942110343949	1.5615998869207441	316.20900000000006	SEED_ENCODED	0	PORTABLE_USER_ROOT/spectralMol/merged_fresh_repro_20260818_083101/saturn_table8_v119/20260819_104640/table8_v118_strict_mode_cap_v119/saturn_theta_nsga2_budget1000_seed0/runs/budget_1000/seed_0/theta_nsga2_multiobjective/snapshots/final_population.csv	1	0.014857135212557014
0	1000	theta_nsga2_multiobjective_final_population	final	67	Cc1ccc(NC(=O)CN2Cc3ccccc3C2=O)cc1Cl	O=C(CN1Cc2ccccc2C1=O)Nc1ccccc1	0.7050103545188904	-8.1	0.9451752400616532	1.9165044986259652	314.77200000000005	SEED_ENCODED	0	PORTABLE_USER_ROOT/spectralMol/merged_fresh_repro_20260818_083101/saturn_table8_v119/20260819_104640/table8_v118_strict_mode_cap_v119/saturn_theta_nsga2_budget1000_seed0/runs/budget_1000/seed_0/theta_nsga2_multiobjective/snapshots/final_population.csv	1	0.050767689767188165
0	1000	theta_nsga2_multiobjective_final_population	final	68	Cc1ccc(C)c(NC(=O)CN2C(=O)CCc3ccccc32)c1	O=C(CN1C(=O)CCc2ccccc21)Nc1ccccc1	0.7049263715744019	-8.0	0.9461993600299369	1.8612488853998705	308.381	SEED_ENCODED	0	PORTABLE_USER_ROOT/spectralMol/merged_fresh_repro_20260818_083101/saturn_table8_v119/20260819_104640/table8_v118_strict_mode_cap_v119/saturn_theta_nsga2_budget1000_seed0/runs/budget_1000/seed_0/theta_nsga2_multiobjective/snapshots/final_population.csv	1	0.08869606479172179
0	1000	theta_nsga2_multiobjective_final_population	final	81	COc1ccc(NS(=O)(=O)c2ccc(F)c(C)c2)cc1	O=S(=O)(Nc1ccccc1)c1ccccc1	0.7010515928268433	-7.6	0.9431985450217443	1.6673384527340964	295.335	SEED_ENCODED	0	PORTABLE_USER_ROOT/spectralMol/merged_fresh_repro_20260818_083101/saturn_table8_v119/20260819_104640/table8_v118_strict_mode_cap_v119/saturn_theta_nsga2_budget1000_seed0/runs/budget_1000/seed_0/theta_nsga2_multiobjective/snapshots/final_population.csv	1	0.0502188264774614
0	1000	theta_nsga2_multiobjective_final_population	final	93	O=S(=O)(NCc1ccccc1)c1ccccc1Br	O=S(=O)(NCc1ccccc1)c1ccccc1	0.6982622742652893	-7.5	0.9389515624833722	1.6415891816480244	326.21500000000003	SEED_ENCODED	0	PORTABLE_USER_ROOT/spectralMol/merged_fresh_repro_20260818_083101/saturn_table8_v119/20260819_104640/table8_v118_strict_mode_cap_v119/saturn_theta_nsga2_budget1000_seed0/runs/budget_1000/seed_0/theta_nsga2_multiobjective/snapshots/final_population.csv	1	0.08576074629258729
0	1000	theta_nsga2_multiobjective_final_population	final	94	Cc1ccc(S(=O)(=O)Nc2ccc(F)cc2F)cc1	O=S(=O)(Nc1ccccc1)c1ccccc1	0.6982114911079407	-7.5	0.9405924646031791	1.6546989435245187	283.29900000000004	SEED_ENCODED	0	PORTABLE_USER_ROOT/spectralMol/merged_fresh_repro_20260818_083101/saturn_table8_v119/20260819_104640/table8_v118_strict_mode_cap_v119/saturn_theta_nsga2_budget1000_seed0/runs/budget_1000/seed_0/theta_nsga2_multiobjective/snapshots/final_population.csv	1	0.014692034630408702
0	1000	theta_nsga2_multiobjective_final_population	final	111	CS(=O)(=O)c1cccc(C(=O)Nc2ccc(Cl)cc2)c1	O=C(Nc1ccccc1)c1ccccc1	0.6928404569625854	-7.1	0.9476815174531974	1.5470959352515763	309.774	SEED_ENCODED	0	PORTABLE_USER_ROOT/spectralMol/merged_fresh_repro_20260818_083101/saturn_table8_v119/20260819_104640/table8_v118_strict_mode_cap_v119/saturn_theta_nsga2_budget1000_seed0/runs/budget_1000/seed_0/theta_nsga2_multiobjective/snapshots/final_population.csv	1	0.04017382801090977
0	1000	theta_nsga2_multiobjective_final_population	final	129	COc1ccc(CC(=O)Nc2ccc(OC)cc2)cc1	O=C(Cc1ccccc1)Nc1ccccc1	0.6883987784385681	-7.1	0.9092440049438038	1.3856218682659325	271.316	SEED_ENCODED	0	PORTABLE_USER_ROOT/spectralMol/merged_fresh_repro_20260818_083101/saturn_table8_v119/20260819_104640/table8_v118_strict_mode_cap_v119/saturn_theta_nsga2_budget1000_seed0/runs/budget_1000/seed_0/theta_nsga2_multiobjective/snapshots/final_population.csv	1	0.05160251858554864
0	1000	theta_nsga2_multiobjective_final_population	final	137	COc1ccccc1C(=O)Nc1ccc(Cl)cc1	O=C(Nc1ccccc1)c1ccccc1	0.6863586902618408	-6.9	0.9167564433304107	1.3333819418290194	261.70799999999997	SEED_ENCODED	0	PORTABLE_USER_ROOT/spectralMol/merged_fresh_repro_20260818_083101/saturn_table8_v119/20260819_104640/table8_v118_strict_mode_cap_v119/saturn_theta_nsga2_budget1000_seed0/runs/budget_1000/seed_0/theta_nsga2_multiobjective/snapshots/final_population.csv	1	0.08783424944652064
0	1000	theta_nsga2_multiobjective_final_population	final	140	COc1ccc(NC(=O)c2ccc(Br)cc2)cc1	O=C(Nc1ccccc1)c1ccccc1	0.6861039996147156	-6.7	0.9385185606101041	1.3350000413765297	306.159	SEED_ENCODED	0	PORTABLE_USER_ROOT/spectralMol/merged_fresh_repro_20260818_083101/saturn_table8_v119/20260819_104640/table8_v118_strict_mode_cap_v119/saturn_theta_nsga2_budget1000_seed0/runs/budget_1000/seed_0/theta_nsga2_multiobjective/snapshots/final_population.csv	1	0.08730794587099015
0	1000	theta_nsga2_multiobjective_final_population	final	177	COc1ccc(NC(=O)c2cccc(OC)c2)cc1	O=C(Nc1ccccc1)c1ccccc1	0.6777634620666504	-6.6	0.9156095373023166	1.33206945634503	257.289	SEED_ENCODED	0	PORTABLE_USER_ROOT/spectralMol/merged_fresh_repro_20260818_083101/saturn_table8_v119/20260819_104640/table8_v118_strict_mode_cap_v119/saturn_theta_nsga2_budget1000_seed0/runs/budget_1000/seed_0/theta_nsga2_multiobjective/snapshots/final_population.csv	1	inf
1	1000	theta_nsga2_multiobjective_final_population	final	1	NC(=O)c1ccccc1OCc1ccc(C(F)(F)F)cc1	c1ccc(COc2ccccc2)cc1	0.7443340420722961	-9.5	0.939700763557564	1.7293120554454315	295.25999999999993	THETA_GENERATED_HIT_SITE_SCAN:OK:CHEAP_PRESELECT	3	PORTABLE_USER_ROOT/spectralMol/merged_fresh_repro_20260818_083101/saturn_table8_v119/20260819_104640/table8_v118_strict_mode_cap_v119/saturn_theta_nsga2_budget1000_seed1/runs/budget_1000/seed_1/theta_nsga2_multiobjective/snapshots/final_population.csv	1	0.0
1	1000	theta_nsga2_multiobjective_final_population	final	2	NC(=O)c1ncccc1OCc1ccc(C(F)(F)F)cc1	c1ccc(COc2cccnc2)cc1	0.7312949895858765	-9.4	0.9431266983483158	2.014098792845962	296.24799999999993	THETA_GENERATED_HIT_SITE_SCAN:OK:CHEAP_PRESELECT	3	PORTABLE_USER_ROOT/spectralMol/merged_fresh_repro_20260818_083101/saturn_table8_v119/20260819_104640/table8_v118_strict_mode_cap_v119/saturn_theta_nsga2_budget1000_seed1/runs/budget_1000/seed_1/theta_nsga2_multiobjective/snapshots/final_population.csv	1	0.0
1	1000	theta_nsga2_multiobjective_final_population	final	3	Cc1cccc(NC(=O)COc2ccc(C(F)(F)F)cc2)c1	O=C(COc1ccccc1)Nc1ccccc1	0.726828396320343	-8.8	0.9257022096836768	1.6652068376407279	309.287	SEED_ENCODED	0	PORTABLE_USER_ROOT/spectralMol/merged_fresh_repro_20260818_083101/saturn_table8_v119/20260819_104640/table8_v118_strict_mode_cap_v119/saturn_theta_nsga2_budget1000_seed1/runs/budget_1000/seed_1/theta_nsga2_multiobjective/snapshots/final_population.csv	1	0.019726174867293552
1	1000	theta_nsga2_multiobjective_final_population	final	7	Cc1ccc(CC(=O)NCc2cccc(C(N)=O)c2)cc1	O=C(Cc1ccccc1)NCc1ccccc1	0.7227712869644165	-9.1	0.8794914579297713	1.6295239333396019	282.343	SEED_ENCODED	0	PORTABLE_USER_ROOT/spectralMol/merged_fresh_repro_20260818_083101/saturn_table8_v119/20260819_104640/table8_v118_strict_mode_cap_v119/saturn_theta_nsga2_budget1000_seed1/runs/budget_1000/seed_1/theta_nsga2_multiobjective/snapshots/final_population.csv	1	0.20258177367768904
1	1000	theta_nsga2_multiobjective_final_population	final	11	COc1ccccc1CNC(=O)c1ccc(C(C)C)cc1	O=C(NCc1ccccc1)c1ccccc1	0.7188462615013123	-8.5	0.9072590876121793	1.548699943769849	283.371	SEED_ENCODED	0	PORTABLE_USER_ROOT/spectralMol/merged_fresh_repro_20260818_083101/saturn_table8_v119/20260819_104640/table8_v118_strict_mode_cap_v119/saturn_theta_nsga2_budget1000_seed1/runs/budget_1000/seed_1/theta_nsga2_multiobjective/snapshots/final_population.csv	1	0.05603518620795847
1	1000	theta_nsga2_multiobjective_final_population	final	22	O=C(Cc1ccc(F)cc1)Nc1ccccc1Cl	O=C(Cc1ccccc1)Nc1ccccc1	0.7131843566894531	-8.2	0.8996075128266537	1.4339864667158952	263.699	THETA_GENERATED_HIT_SITE_SCAN:OK:CHEAP_PRESELECT	2	PORTABLE_USER_ROOT/spectralMol/merged_fresh_repro_20260818_083101/saturn_table8_v119/20260819_104640/table8_v118_strict_mode_cap_v119/saturn_theta_nsga2_budget1000_seed1/runs/budget_1000/seed_1/theta_nsga2_multiobjective/snapshots/final_population.csv	1	0.06268952567654344
1	1000	theta_nsga2_multiobjective_final_population	final	24	COc1ccccc1NC(=O)Cc1cccc(C(F)(F)F)c1	O=C(Cc1ccccc1)Nc1ccccc1	0.7124668955802917	-8.2	0.9300936683938529	1.6871541264175267	309.287	SEED_ENCODED	0	PORTABLE_USER_ROOT/spectralMol/merged_fresh_repro_20260818_083101/saturn_table8_v119/20260819_104640/table8_v118_strict_mode_cap_v119/saturn_theta_nsga2_budget1000_seed1/runs/budget_1000/seed_1/theta_nsga2_multiobjective/snapshots/final_population.csv	1	0.06747824730435678
1	1000	theta_nsga2_multiobjective_final_population	final	31	Cc1ccc(NS(=O)(=O)c2ccccc2Cl)cc1F	O=S(=O)(Nc1ccccc1)c1ccccc1	0.7109662294387817	-8.1	0.9412033657392525	1.7362075234061738	299.754	SEED_ENCODED	0	PORTABLE_USER_ROOT/spectralMol/merged_fresh_repro_20260818_083101/saturn_table8_v119/20260819_104640/table8_v118_strict_mode_cap_v119/saturn_theta_nsga2_budget1000_seed1/runs/budget_1000/seed_1/theta_nsga2_multiobjective/snapshots/final_population.csv	1	0.04953202054420827
1	1000	theta_nsga2_multiobjective_final_population	final	110	CCNC(=O)c1cccc2c1CCN2C(=O)c1ccc(F)cc1	O=C(c1ccccc1)N1CCc2ccccc21	0.6867609024047852	-7.5	0.9472197198370976	2.000973619127681	312.34399999999994	SEED_ENCODED	0	PORTABLE_USER_ROOT/spectralMol/merged_fresh_repro_20260818_083101/saturn_table8_v119/20260819_104640/table8_v118_strict_mode_cap_v119/saturn_theta_nsga2_budget1000_seed1/runs/budget_1000/seed_1/theta_nsga2_multiobjective/snapshots/final_population.csv	1	0.05047514434919713
1	1000	theta_nsga2_multiobjective_final_population	final	116	COc1ccccc1NC(=O)c1ccc(F)cc1	O=C(Nc1ccccc1)c1ccccc1	0.685766339302063	-7.0	0.9019419607683181	1.3201303581186128	245.253	SEED_ENCODED	0	PORTABLE_USER_ROOT/spectralMol/merged_fresh_repro_20260818_083101/saturn_table8_v119/20260819_104640/table8_v118_strict_mode_cap_v119/saturn_theta_nsga2_budget1000_seed1/runs/budget_1000/seed_1/theta_nsga2_multiobjective/snapshots/final_population.csv	1	0.10697409051620599
2	1000	theta_nsga2_multiobjective_final_population	final	1	O=C(O)c1ccccc1CCc1ccc(C(F)(F)F)cc1	c1ccc(CCc2ccccc2)cc1	0.7474046945571899	-10.0	0.917733162483017	1.779322930776999	294.27199999999993	THETA_LATE_GENERATED_HIT_SITE_SCAN:OK:CHEAP_PRESELECT	3	PORTABLE_USER_ROOT/spectralMol/merged_fresh_repro_20260818_083101/saturn_table8_v119/20260819_104640/table8_v118_strict_mode_cap_v119/saturn_theta_nsga2_budget1000_seed2/runs/budget_1000/seed_2/theta_nsga2_multiobjective/snapshots/final_population.csv	1	0.0619082838571207
2	1000	theta_nsga2_multiobjective_final_population	final	3	O=C(O)c1ncccc1CCc1ccc(C(F)(F)F)cc1	c1ccc(CCc2cccnc2)cc1	0.7446920275688171	-10.1	0.9375249171597569	2.0199094029255384	295.25999999999993	THETA_LATE_GENERATED_HIT_SITE_SCAN:OK:CHEAP_PRESELECT	3	PORTABLE_USER_ROOT/spectralMol/merged_fresh_repro_20260818_083101/saturn_table8_v119/20260819_104640/table8_v118_strict_mode_cap_v119/saturn_theta_nsga2_budget1000_seed2/runs/budget_1000/seed_2/theta_nsga2_multiobjective/snapshots/final_population.csv	1	0.03138806954020475
2	1000	theta_nsga2_multiobjective_final_population	final	4	NC(=O)c1ccccc1OCc1ccc(C(F)(F)F)cc1	c1ccc(COc2ccccc2)cc1	0.7443340420722961	-9.5	0.939700763557564	1.7293120554454315	295.25999999999993	THETA_GENERATED_HIT_SITE_SCAN:OK:CHEAP_PRESELECT	3	PORTABLE_USER_ROOT/spectralMol/merged_fresh_repro_20260818_083101/saturn_table8_v119/20260819_104640/table8_v118_strict_mode_cap_v119/saturn_theta_nsga2_budget1000_seed2/runs/budget_1000/seed_2/theta_nsga2_multiobjective/snapshots/final_population.csv	1	0.0
2	1000	theta_nsga2_multiobjective_final_population	final	5	NC(=O)c1ncccc1CCc1ccc(C(F)(F)F)cc1	c1ccc(CCc2cccnc2)cc1	0.7441956996917725	-10.2	0.9421099798916286	2.103365901599277	294.27599999999995	THETA_LATE_GENERATED_HIT_SITE_SCAN:OK:CHEAP_PRESELECT	3	PORTABLE_USER_ROOT/spectralMol/merged_fresh_repro_20260818_083101/saturn_table8_v119/20260819_104640/table8_v118_strict_mode_cap_v119/saturn_theta_nsga2_budget1000_seed2/runs/budget_1000/seed_2/theta_nsga2_multiobjective/snapshots/final_population.csv	1	0.39904689478583066
2	1000	theta_nsga2_multiobjective_final_population	final	6	Cc1cccc(C(=O)NC2CCC(c3ccccc3)CC2)c1	O=C(NC1CCC(c2ccccc2)CC1)c1ccccc1	0.7362725138664246	-9.7	0.8896075681789856	1.7020798475713708	293.4100000000001	SEED_ENCODED	0	PORTABLE_USER_ROOT/spectralMol/merged_fresh_repro_20260818_083101/saturn_table8_v119/20260819_104640/table8_v118_strict_mode_cap_v119/saturn_theta_nsga2_budget1000_seed2/runs/budget_1000/seed_2/theta_nsga2_multiobjective/snapshots/final_population.csv	1	0.1766437424559854
2	1000	theta_nsga2_multiobjective_final_population	final	9	NC(=O)c1ncccc1OCc1ccc(C(F)(F)F)cc1	c1ccc(COc2cccnc2)cc1	0.7312949895858765	-9.4	0.9431266983483158	2.014098792845962	296.24799999999993	THETA_GENERATED_HIT_SITE_SCAN:OK:CHEAP_PRESELECT	3	PORTABLE_USER_ROOT/spectralMol/merged_fresh_repro_20260818_083101/saturn_table8_v119/20260819_104640/table8_v118_strict_mode_cap_v119/saturn_theta_nsga2_budget1000_seed2/runs/budget_1000/seed_2/theta_nsga2_multiobjective/snapshots/final_population.csv	1	0.0
2	1000	theta_nsga2_multiobjective_final_population	final	18	O=C(O)c1ccccc1OCc1ccc(C(F)(F)F)cc1	c1ccc(COc2ccccc2)cc1	0.726520299911499	-8.8	0.9278276497314087	1.688671206639068	296.24399999999997	THETA_GENERATED_HIT_SITE_SCAN:OK:CHEAP_PRESELECT	3	PORTABLE_USER_ROOT/spectralMol/merged_fresh_repro_20260818_083101/saturn_table8_v119/20260819_104640/table8_v118_strict_mode_cap_v119/saturn_theta_nsga2_budget1000_seed2/runs/budget_1000/seed_2/theta_nsga2_multiobjective/snapshots/final_population.csv	1	0.05776929033891334
2	1000	theta_nsga2_multiobjective_final_population	final	26	O=C(Cc1ccc2c(c1)CCC2)NCc1ccc2c(c1)OCO2	O=C(Cc1ccc2c(c1)CCC2)NCc1ccc2c(c1)OCO2	0.7246152758598328	-9.1	0.9444984461562916	2.0193820806661407	309.365	SEED_ENCODED	0	PORTABLE_USER_ROOT/spectralMol/merged_fresh_repro_20260818_083101/saturn_table8_v119/20260819_104640/table8_v118_strict_mode_cap_v119/saturn_theta_nsga2_budget1000_seed2/runs/budget_1000/seed_2/theta_nsga2_multiobjective/snapshots/final_population.csv	1	0.041667714979954626
2	1000	theta_nsga2_multiobjective_final_population	final	39	COc1cccc(C(=O)Nc2cccc(C)c2)c1	O=C(Nc1ccccc1)c1ccccc1	0.7164364457130432	-8.3	0.8953091412058717	1.3741656522362575	241.29	SEED_ENCODED	0	PORTABLE_USER_ROOT/spectralMol/merged_fresh_repro_20260818_083101/saturn_table8_v119/20260819_104640/table8_v118_strict_mode_cap_v119/saturn_theta_nsga2_budget1000_seed2/runs/budget_1000/seed_2/theta_nsga2_multiobjective/snapshots/final_population.csv	1	0.0994476759227991
2	1000	theta_nsga2_multiobjective_final_population	final	125	Cc1ccc(F)c(NC(=O)c2ccc(S(C)(=O)=O)cc2)c1	O=C(Nc1ccccc1)c1ccccc1	0.6920108199119568	-7.2	0.9480996638013459	1.655120543509092	307.34600000000006	SEED_ENCODED	0	PORTABLE_USER_ROOT/spectralMol/merged_fresh_repro_20260818_083101/saturn_table8_v119/20260819_104640/table8_v118_strict_mode_cap_v119/saturn_theta_nsga2_budget1000_seed2/runs/budget_1000/seed_2/theta_nsga2_multiobjective/snapshots/final_population.csv	1	inf
2	1000	theta_nsga2_multiobjective_final_population	final	135	Cc1ccccc1OC1CN(C(=O)c2cccc(C)c2O)C1	O=C(c1ccccc1)N1CC(Oc2ccccc2)C1	0.688480794429779	-7.6	0.9473939046218561	2.0234091075020153	297.35400000000004	SEED_ENCODED	0	PORTABLE_USER_ROOT/spectralMol/merged_fresh_repro_20260818_083101/saturn_table8_v119/20260819_104640/table8_v118_strict_mode_cap_v119/saturn_theta_nsga2_budget1000_seed2/runs/budget_1000/seed_2/theta_nsga2_multiobjective/snapshots/final_population.csv	1	0.07675670217550175
3	1000	theta_nsga2_multiobjective_final_population	final	1	NC(=O)c1ncccc1OCc1ccc(C(F)(F)F)cc1	c1ccc(COc2cccnc2)cc1	0.7312949895858765	-9.4	0.9431266983483158	2.014098792845962	296.24799999999993	THETA_LATE_GENERATED_HIT_SITE_SCAN:OK:CHEAP_PRESELECT	3	PORTABLE_USER_ROOT/spectralMol/merged_fresh_repro_20260818_083101/saturn_table8_v119/20260819_104640/table8_v118_strict_mode_cap_v119/saturn_theta_nsga2_budget1000_seed3/runs/budget_1000/seed_3/theta_nsga2_multiobjective/snapshots/final_population.csv	1	0.0
3	1000	theta_nsga2_multiobjective_final_population	final	22	CCOc1ccccc1NC(=O)c1cccc(OC)c1	O=C(Nc1ccccc1)c1ccccc1	0.7089303135871887	-8.0	0.9068259933239574	1.4677489937720036	271.316	SEED_ENCODED	0	PORTABLE_USER_ROOT/spectralMol/merged_fresh_repro_20260818_083101/saturn_table8_v119/20260819_104640/table8_v118_strict_mode_cap_v119/saturn_theta_nsga2_budget1000_seed3/runs/budget_1000/seed_3/theta_nsga2_multiobjective/snapshots/final_population.csv	1	0.04299268351339636
4	1000	theta_nsga2_multiobjective_final_population	final	1	Cc1ccc(CCNC(=O)N2CCN(C(=O)c3ccncc3)CC2)cc1	O=C(NCCc1ccccc1)N1CCN(C(=O)c2ccncc2)CC1	0.7547330856323242	-10.7	0.9163870700159816	1.9365033356175054	352.4380000000001	SEED_ENCODED	0	PORTABLE_USER_ROOT/spectralMol/merged_fresh_repro_20260818_083101/saturn_table8_v119/20260819_104640/table8_v118_strict_mode_cap_v119/saturn_theta_nsga2_budget1000_seed4/runs/budget_1000/seed_4/theta_nsga2_multiobjective/snapshots/final_population.csv	1	inf
4	1000	theta_nsga2_multiobjective_final_population	final	27	Cc1ccc(NC(=O)COc2ccc(F)cc2)cc1	O=C(COc1ccccc1)Nc1ccccc1	0.708628237247467	-7.8	0.9155512434399602	1.3860463794219537	259.28000000000003	THETA_HIT_MICROJITTER:OK:CHEAP_PRESELECT	1	PORTABLE_USER_ROOT/spectralMol/merged_fresh_repro_20260818_083101/saturn_table8_v119/20260819_104640/table8_v118_strict_mode_cap_v119/saturn_theta_nsga2_budget1000_seed4/runs/budget_1000/seed_4/theta_nsga2_multiobjective/snapshots/final_population.csv	1	0.07998252179808438
5	1000	theta_nsga2_multiobjective_final_population	final	1	NC(=O)c1ccccc1OCc1ccc(C(F)(F)F)cc1	c1ccc(COc2ccccc2)cc1	0.7443340420722961	-9.5	0.939700763557564	1.7293120554454315	295.25999999999993	THETA_GENERATED_HIT_SITE_SCAN:OK:CHEAP_PRESELECT	3	PORTABLE_USER_ROOT/spectralMol/merged_fresh_repro_20260818_083101/saturn_table8_v119/20260819_104640/table8_v118_strict_mode_cap_v119/saturn_theta_nsga2_budget1000_seed5/runs/budget_1000/seed_5/theta_nsga2_multiobjective/snapshots/final_population.csv	1	0.0
5	1000	theta_nsga2_multiobjective_final_population	final	3	NC(=O)c1ncccc1OCc1ccc(C(F)(F)F)cc1	c1ccc(COc2cccnc2)cc1	0.7312949895858765	-9.4	0.9431266983483158	2.014098792845962	296.24799999999993	THETA_GENERATED_HIT_SITE_SCAN:OK:CHEAP_PRESELECT	3	PORTABLE_USER_ROOT/spectralMol/merged_fresh_repro_20260818_083101/saturn_table8_v119/20260819_104640/table8_v118_strict_mode_cap_v119/saturn_theta_nsga2_budget1000_seed5/runs/budget_1000/seed_5/theta_nsga2_multiobjective/snapshots/final_population.csv	1	0.0
5	1000	theta_nsga2_multiobjective_final_population	final	4	CC(C)C(=O)Nc1cccc(C(=O)Nc2ccccc2)c1	O=C(Nc1ccccc1)c1ccccc1	0.7290513515472412	-8.9	0.9008460990899597	1.481224585230084	282.343	SEED_ENCODED	0	PORTABLE_USER_ROOT/spectralMol/merged_fresh_repro_20260818_083101/saturn_table8_v119/20260819_104640/table8_v118_strict_mode_cap_v119/saturn_theta_nsga2_budget1000_seed5/runs/budget_1000/seed_5/theta_nsga2_multiobjective/snapshots/final_population.csv	1	0.11267670806945335
5	1000	theta_nsga2_multiobjective_final_population	final	8	CCC(=O)Nc1cccc(C(=O)Nc2ccccc2)c1	O=C(Nc1ccccc1)c1ccccc1	0.7240469455718994	-8.7	0.8935439770849615	1.4283093176586448	268.316	THETA_HIT_SITE_SCAN:OK:CHEAP_PRESELECT	0	PORTABLE_USER_ROOT/spectralMol/merged_fresh_repro_20260818_083101/saturn_table8_v119/20260819_104640/table8_v118_strict_mode_cap_v119/saturn_theta_nsga2_budget1000_seed5/runs/budget_1000/seed_5/theta_nsga2_multiobjective/snapshots/final_population.csv	1	0.10689619206368409
5	1000	theta_nsga2_multiobjective_final_population	final	38	O=C(CCc1ccccc1)Nc1ccccc1Cl	O=C(CCc1ccccc1)Nc1ccccc1	0.699273943901062	-7.7	0.8861805650011052	1.3567358401930978	259.736	THETA_GENERATED_HIT_SITE_SCAN:OK:CHEAP_PRESELECT	1	PORTABLE_USER_ROOT/spectralMol/merged_fresh_repro_20260818_083101/saturn_table8_v119/20260819_104640/table8_v118_strict_mode_cap_v119/saturn_theta_nsga2_budget1000_seed5/runs/budget_1000/seed_5/theta_nsga2_multiobjective/snapshots/final_population.csv	1	0.10684726947017195
6	1000	theta_nsga2_multiobjective_final_population	final	1	Nc1ncccc1CCc1ccc(C(F)(F)F)cc1	c1ccc(CCc2cccnc2)cc1	0.7408339381217957	-10.0	0.923460471545024	1.9748370422182777	266.26599999999996	THETA_HIT_SITE_SCAN:OK:CHEAP_PRESELECT	3	PORTABLE_USER_ROOT/spectralMol/merged_fresh_repro_20260818_083101/saturn_table8_v119/20260819_104640/table8_v118_strict_mode_cap_v119/saturn_theta_nsga2_budget1000_seed6/runs/budget_1000/seed_6/theta_nsga2_multiobjective/snapshots/final_population.csv	1	0.063138734520825
6	1000	theta_nsga2_multiobjective_final_population	final	86	O=C(Cc1ccc(Cl)cc1)Nc1ccccc1	O=C(Cc1ccccc1)Nc1ccccc1	0.6998061537742615	-7.7	0.8808595052819532	1.29153220193475	245.70900000000003	THETA_GENERATED_HIT_SITE_SCAN:OK:CHEAP_PRESELECT	1	PORTABLE_USER_ROOT/spectralMol/merged_fresh_repro_20260818_083101/saturn_table8_v119/20260819_104640/table8_v118_strict_mode_cap_v119/saturn_theta_nsga2_budget1000_seed6/runs/budget_1000/seed_6/theta_nsga2_multiobjective/snapshots/final_population.csv	1	inf
6	1000	theta_nsga2_multiobjective_final_population	final	207	Oc1nc(CCc2ccnnc2Cl)ccc1C(F)(F)F	c1ccc(CCc2ccnnc2)nc1	0.6743790507316589	-9.2	0.9465904647912958	3.0333622289578717	303.671	THETA_LATE_GENERATED_HIT_SITE_SCAN:OK:CHEAP_PRESELECT	4	PORTABLE_USER_ROOT/spectralMol/merged_fresh_repro_20260818_083101/saturn_table8_v119/20260819_104640/table8_v118_strict_mode_cap_v119/saturn_theta_nsga2_budget1000_seed6/runs/budget_1000/seed_6/theta_nsga2_multiobjective/snapshots/final_population.csv	1	inf
7	1000	theta_nsga2_multiobjective_final_population	final	1	NC(=O)c1ccccc1OCc1ccc(C(F)(F)F)cc1	c1ccc(COc2ccccc2)cc1	0.7443340420722961	-9.5	0.939700763557564	1.7293120554454315	295.25999999999993	THETA_GENERATED_HIT_SITE_SCAN:OK:CHEAP_PRESELECT	3	PORTABLE_USER_ROOT/spectralMol/merged_fresh_repro_20260818_083101/saturn_table8_v119/20260819_104640/table8_v118_strict_mode_cap_v119/saturn_theta_nsga2_budget1000_seed7/runs/budget_1000/seed_7/theta_nsga2_multiobjective/snapshots/final_population.csv	1	0.05576019299457266
7	1000	theta_nsga2_multiobjective_final_population	final	3	O=C(CCc1ccccc1)Nc1cccc(NC(=O)C2CCC2)c1	O=C(CCc1ccccc1)Nc1cccc(NC(=O)C2CCC2)c1	0.7306041717529297	-9.9	0.8444028755160758	1.6257859812475441	322.40800000000013	SEED_ENCODED	0	PORTABLE_USER_ROOT/spectralMol/merged_fresh_repro_20260818_083101/saturn_table8_v119/20260819_104640/table8_v118_strict_mode_cap_v119/saturn_theta_nsga2_budget1000_seed7/runs/budget_1000/seed_7/theta_nsga2_multiobjective/snapshots/final_population.csv	1	inf
8	1000	theta_nsga2_multiobjective_final_population	final	1	NC(=O)c1ccccc1CCc1ccc(C(F)(F)F)cc1	c1ccc(CCc2ccccc2)cc1	0.7479971051216125	-10.1	0.9194237603137451	1.8282666973552466	293.28799999999995	THETA_GENERATED_HIT_SITE_SCAN:OK:CHEAP_PRESELECT	3	PORTABLE_USER_ROOT/spectralMol/merged_fresh_repro_20260818_083101/saturn_table8_v119/20260819_104640/table8_v118_strict_mode_cap_v119/saturn_theta_nsga2_budget1000_seed8/runs/budget_1000/seed_8/theta_nsga2_multiobjective/snapshots/final_population.csv	1	0.05918820401164522
8	1000	theta_nsga2_multiobjective_final_population	final	2	O=C(O)c1ccccc1CCc1ccc(C(F)(F)F)cc1	c1ccc(CCc2ccccc2)cc1	0.7474046945571899	-10.0	0.917733162483017	1.779322930776999	294.27199999999993	THETA_GENERATED_HIT_SITE_SCAN:OK:CHEAP_PRESELECT	3	PORTABLE_USER_ROOT/spectralMol/merged_fresh_repro_20260818_083101/saturn_table8_v119/20260819_104640/table8_v118_strict_mode_cap_v119/saturn_theta_nsga2_budget1000_seed8/runs/budget_1000/seed_8/theta_nsga2_multiobjective/snapshots/final_population.csv	1	0.03649458029964766
8	1000	theta_nsga2_multiobjective_final_population	final	3	O=C(O)c1ncccc1CCc1ccc(C(F)(F)F)cc1	c1ccc(CCc2cccnc2)cc1	0.7446920275688171	-10.1	0.9375249171597569	2.0199094029255384	295.25999999999993	THETA_GENERATED_HIT_SITE_SCAN:OK:CHEAP_PRESELECT	3	PORTABLE_USER_ROOT/spectralMol/merged_fresh_repro_20260818_083101/saturn_table8_v119/20260819_104640/table8_v118_strict_mode_cap_v119/saturn_theta_nsga2_budget1000_seed8/runs/budget_1000/seed_8/theta_nsga2_multiobjective/snapshots/final_population.csv	1	0.034275185094024406
8	1000	theta_nsga2_multiobjective_final_population	final	53	NC1=NN1c1ncccc1CCc1ccc(C(F)(F)F)cc1	C1=NN1c1ncccc1CCc1ccccc1	0.7114057540893555	-9.4	0.9446442388269277	2.442929410150187	306.29099999999994	THETA_LATE_GENERATED_HIT_SITE_SCAN:OK:CHEAP_PRESELECT	4	PORTABLE_USER_ROOT/spectralMol/merged_fresh_repro_20260818_083101/saturn_table8_v119/20260819_104640/table8_v118_strict_mode_cap_v119/saturn_theta_nsga2_budget1000_seed8/runs/budget_1000/seed_8/theta_nsga2_multiobjective/snapshots/final_population.csv	1	0.5366683771007127
9	1000	theta_nsga2_multiobjective_final_population	final	2	NC(=O)c1ncccc1OCc1ccc(C(F)(F)F)cc1	c1ccc(COc2cccnc2)cc1	0.7312949895858765	-9.4	0.9431266983483158	2.014098792845962	296.24799999999993	THETA_GENERATED_HIT_SITE_SCAN:OK:CHEAP_PRESELECT	3	PORTABLE_USER_ROOT/spectralMol/merged_fresh_repro_20260818_083101/saturn_table8_v119/20260819_104640/table8_v118_strict_mode_cap_v119/saturn_theta_nsga2_budget1000_seed9/runs/budget_1000/seed_9/theta_nsga2_multiobjective/snapshots/final_population.csv	1	0.032618375448448686
9	1000	theta_nsga2_multiobjective_final_population	final	32	O=C(Cc1ccc(F)cc1)Nc1ccccc1	O=C(Cc1ccccc1)Nc1ccccc1	0.7018958330154419	-8.0	0.8607932417381152	1.2988282772879653	229.25400000000002	THETA_GENERATED_HIT_SITE_SCAN:OK:CHEAP_PRESELECT	1	PORTABLE_USER_ROOT/spectralMol/merged_fresh_repro_20260818_083101/saturn_table8_v119/20260819_104640/table8_v118_strict_mode_cap_v119/saturn_theta_nsga2_budget1000_seed9/runs/budget_1000/seed_9/theta_nsga2_multiobjective/snapshots/final_population.csv	1	0.3791854499164383
