condition	task_index	task	mean_best_score	std_best_score	n_seeds
full-spectrum	0	Celecoxib_rediscovery	1.0	0.0	6
high-only	0	Celecoxib_rediscovery	1.0	0.0	6
low-only	0	Celecoxib_rediscovery	1.0	0.0	6
random-matrix	0	Celecoxib_rediscovery	1.0	0.0	6
full-spectrum	1	Troglitazone_rediscovery	1.0	0.0	6
high-only	1	Troglitazone_rediscovery	1.0	0.0	6
low-only	1	Troglitazone_rediscovery	1.0	0.0	6
random-matrix	1	Troglitazone_rediscovery	1.0	0.0	6
full-spectrum	2	Thiothixene_rediscovery	0.8616393925991449	0.2690777902081179	6
high-only	2	Thiothixene_rediscovery	1.0	0.0	6
low-only	2	Thiothixene_rediscovery	1.0	0.0	6
random-matrix	2	Thiothixene_rediscovery	1.0	0.0	6
full-spectrum	3	Aripiprazole_similarity	1.0	0.0	6
high-only	3	Aripiprazole_similarity	1.0	0.0	6
low-only	3	Aripiprazole_similarity	1.0	0.0	6
random-matrix	3	Aripiprazole_similarity	1.0	0.0	6
full-spectrum	4	Albuterol_similarity	0.5842276397919463	0.032212486437785126	6
high-only	4	Albuterol_similarity	0.5182061753637243	0.028403010999716486	6
low-only	4	Albuterol_similarity	0.6921850929571413	0.1740695785170443	6
random-matrix	4	Albuterol_similarity	0.5161728627003624	0.03671734484741011	6
full-spectrum	5	Mestranol_similarity	1.0	0.0	6
high-only	5	Mestranol_similarity	1.0	0.0	6
low-only	5	Mestranol_similarity	1.0	0.0	6
random-matrix	5	Mestranol_similarity	1.0	0.0	6
full-spectrum	6	C11H24	1.0	0.0	6
high-only	6	C11H24	0.9517817757691409	0.07469935177192498	6
low-only	6	C11H24	1.0	0.0	6
random-matrix	6	C11H24	1.0	0.0	6
full-spectrum	7	C9H10N2O2PF2Cl	0.8601945076864651	0.0687877580593578	6
high-only	7	C9H10N2O2PF2Cl	0.6812454990492687	0.0604853752163467	6
low-only	7	C9H10N2O2PF2Cl	0.8398408822634845	0.057663600780811404	6
random-matrix	7	C9H10N2O2PF2Cl	0.7772526450553755	0.05462678348754739	6
full-spectrum	8	Median_molecules_1	0.4022598870056497	0.0035010018948768203	6
high-only	8	Median_molecules_1	0.3999999999999999	0.0	6
low-only	8	Median_molecules_1	0.4033898305084745	0.003713373271221528	6
random-matrix	8	Median_molecules_1	0.4022598870056497	0.0035010018948768203	6
full-spectrum	9	Median_molecules_2	0.28640940015967414	0.08702974050786089	6
high-only	9	Median_molecules_2	0.36237153766973934	6.080941944488117e-17	6
low-only	9	Median_molecules_2	0.2533366380814316	0.09438122253529868	6
random-matrix	9	Median_molecules_2	0.36237153766973934	6.080941944488117e-17	6
full-spectrum	10	Osimertinib_MPO	0.8197861161306043	0.07842914859559655	6
high-only	10	Osimertinib_MPO	0.7907037887332975	0.01838359223905193	6
low-only	10	Osimertinib_MPO	0.8180606434374925	0.07319968932759686	6
random-matrix	10	Osimertinib_MPO	0.876692186557951	0.08871998270833316	6
full-spectrum	11	Fexofenadine_MPO	0.9864024678226303	0.020424775196487933	6
high-only	11	Fexofenadine_MPO	0.7729790135199267	0.142587180093859	6
low-only	11	Fexofenadine_MPO	0.9955873002299245	0.006038532266454839	6
random-matrix	11	Fexofenadine_MPO	0.999989491928495	2.573941336826481e-05	6
full-spectrum	12	Ranolazine_MPO	0.7132617206195264	0.06029137299036916	6
high-only	12	Ranolazine_MPO	0.6753663046445517	0.049079756751388225	6
low-only	12	Ranolazine_MPO	0.7415673453983606	0.06902352604798714	6
random-matrix	12	Ranolazine_MPO	0.7035332062998526	0.06871930894369431	6
full-spectrum	13	Perindopril_MPO	0.4392598009523554	0.020643183368139927	6
high-only	13	Perindopril_MPO	0.4392598009523554	0.020643183368139927	6
low-only	13	Perindopril_MPO	0.4392598009523554	0.020643183368139927	6
random-matrix	13	Perindopril_MPO	0.4392598009523554	0.020643183368139927	6
full-spectrum	14	Amlodipine_MPO	0.6550712039801176	0.16039891362011832	6
high-only	14	Amlodipine_MPO	0.5888523744236817	0.11175841507690149	6
low-only	14	Amlodipine_MPO	0.8863452147482672	0.013616235574592071	6
random-matrix	14	Amlodipine_MPO	0.898359466894142	0.01002883570236919	6
full-spectrum	15	Sitagliptin_MPO	0.6791131849879412	0.06183587805722157	6
high-only	15	Sitagliptin_MPO	0.2524340600146146	0.06406229359899722	6
low-only	15	Sitagliptin_MPO	0.5709072293142553	0.10361141434946766	6
random-matrix	15	Sitagliptin_MPO	0.5494978604001399	0.2041539009705047	6
full-spectrum	16	Zaleplon_MPO	0.648326285956638	0.11067661420633823	6
high-only	16	Zaleplon_MPO	0.5746400554780055	0.07985516655753301	6
low-only	16	Zaleplon_MPO	0.6722035603223339	0.03883863972318688	6
random-matrix	16	Zaleplon_MPO	0.690846774242197	0.0059661071128587866	6
full-spectrum	17	Valsartan_smarts	0.027231505723098168	0.0015702024955218314	6
high-only	17	Valsartan_smarts	0.023949129546501066	0.005599542381672684	6
low-only	17	Valsartan_smarts	0.023949129546501066	0.005599542381672684	6
random-matrix	17	Valsartan_smarts	0.023949129546501066	0.005599542381672684	6
full-spectrum	18	Deco_hop	0.5945706714651063	0.006554093768884624	6
high-only	18	Deco_hop	0.5945201939577306	0.006473049502989178	6
low-only	18	Deco_hop	0.601861608419888	0.01306883773362694	6
random-matrix	18	Deco_hop	0.5981471906443273	0.0049746283677574435	6
full-spectrum	19	Scaffold_hop	0.666667	0.0	6
high-only	19	Scaffold_hop	0.666667	0.0	6
low-only	19	Scaffold_hop	0.666667	0.0	6
random-matrix	19	Scaffold_hop	0.666667	0.0	6
